resume_id,jd_id,score,candidate_id
aishwarya_pimple_001_chunk1,jd_jd_1e5c2f,0.563030,aishwarya_pimple_001
aishwarya_pimple_001_chunk1,jd_specialist_software_engineering_001,0.544837,aishwarya_pimple_001
ajay_mothe_001_chunk1,jd_jd_1e5c2f,0.537776,ajay_mothe_001
ajay_mothe_001_chunk1,jd_specialist_software_engineering_001,0.565297,ajay_mothe_001
alankrita_luthra_001_chunk1,jd_jd_1e5c2f,0.532843,alankrita_luthra_001
alankrita_luthra_001_chunk1,jd_specialist_software_engineering_001,0.524954,alankrita_luthra_001
aman_pardeshi_001_chunk1,jd_jd_1e5c2f,0.553902,aman_pardeshi_001
aman_pardeshi_001_chunk1,jd_specialist_software_engineering_001,0.559810,aman_pardeshi_001
aniruddha_karule_001_chunk1,jd_jd_1e5c2f,0.525320,aniruddha_karule_001
aniruddha_karule_001_chunk1,jd_specialist_software_engineering_001,0.544610,aniruddha_karule_001
resumes_candidate_101c8b9a513b_chunk1_professional_summary,jd_jd_1e5c2f,0.792341,resumes_candidate_101c8b9a513b
resumes_candidate_101c8b9a513b_chunk1_professional_summary,jd_specialist_software_engineering_001,0.534740,resumes_candidate_101c8b9a513b
resumes_candidate_101c8b9a513b_chunk2_skills,jd_jd_1e5c2f,0.596954,resumes_candidate_101c8b9a513b
resumes_candidate_101c8b9a513b_chunk2_skills,jd_specialist_software_engineering_001,0.330910,resumes_candidate_101c8b9a513b
resumes_candidate_101c8b9a513b_chunk3_experience_summary,jd_jd_1e5c2f,0.771080,resumes_candidate_101c8b9a513b
resumes_candidate_101c8b9a513b_chunk3_experience_summary,jd_specialist_software_engineering_001,0.496451,resumes_candidate_101c8b9a513b
resumes_candidate_101c8b9a513b_chunk4_education_summary,jd_jd_1e5c2f,0.686211,resumes_candidate_101c8b9a513b
resumes_candidate_101c8b9a513b_chunk4_education_summary,jd_specialist_software_engineering_001,0.443804,resumes_candidate_101c8b9a513b
resumes_candidate_101c8b9a513b_chunk5_projects_certifications_achievements,jd_jd_1e5c2f,0.801489,resumes_candidate_101c8b9a513b
resumes_candidate_101c8b9a513b_chunk5_projects_certifications_achievements,jd_specialist_software_engineering_001,0.350187,resumes_candidate_101c8b9a513b
resumes_candidate_1e7cfd439794_chunk1_professional_summary,jd_jd_1e5c2f,0.745682,resumes_candidate_1e7cfd439794
resumes_candidate_1e7cfd439794_chunk1_professional_summary,jd_specialist_software_engineering_001,0.495233,resumes_candidate_1e7cfd439794
resumes_candidate_1e7cfd439794_chunk2_skills,jd_jd_1e5c2f,0.604222,resumes_candidate_1e7cfd439794
resumes_candidate_1e7cfd439794_chunk2_skills,jd_specialist_software_engineering_001,0.349276,resumes_candidate_1e7cfd439794
resumes_candidate_1e7cfd439794_chunk3_experience_summary,jd_jd_1e5c2f,0.792647,resumes_candidate_1e7cfd439794
resumes_candidate_1e7cfd439794_chunk3_experience_summary,jd_specialist_software_engineering_001,0.515819,resumes_candidate_1e7cfd439794
resumes_candidate_1e7cfd439794_chunk4_education_summary,jd_jd_1e5c2f,0.696978,resumes_candidate_1e7cfd439794
resumes_candidate_1e7cfd439794_chunk4_education_summary,jd_specialist_software_engineering_001,0.451827,resumes_candidate_1e7cfd439794
resumes_candidate_1e7cfd439794_chunk5_projects_certifications_achievements,jd_jd_1e5c2f,0.782887,resumes_candidate_1e7cfd439794
resumes_candidate_1e7cfd439794_chunk5_projects_certifications_achievements,jd_specialist_software_engineering_001,0.343274,resumes_candidate_1e7cfd439794
resumes_candidate_30de5a1038b7_chunk1_professional_summary,jd_jd_1e5c2f,0.777766,resumes_candidate_30de5a1038b7
resumes_candidate_30de5a1038b7_chunk1_professional_summary,jd_specialist_software_engineering_001,0.511680,resumes_candidate_30de5a1038b7
resumes_candidate_30de5a1038b7_chunk2_skills,jd_jd_1e5c2f,0.589793,resumes_candidate_30de5a1038b7
resumes_candidate_30de5a1038b7_chunk2_skills,jd_specialist_software_engineering_001,0.353798,resumes_candidate_30de5a1038b7
resumes_candidate_30de5a1038b7_chunk3_experience_summary,jd_jd_1e5c2f,0.814811,resumes_candidate_30de5a1038b7
resumes_candidate_30de5a1038b7_chunk3_experience_summary,jd_specialist_software_engineering_001,0.524881,resumes_candidate_30de5a1038b7
resumes_candidate_30de5a1038b7_chunk4_education_summary,jd_jd_1e5c2f,0.725167,resumes_candidate_30de5a1038b7
resumes_candidate_30de5a1038b7_chunk4_education_summary,jd_specialist_software_engineering_001,0.479176,resumes_candidate_30de5a1038b7
resumes_candidate_30de5a1038b7_chunk5_projects_certifications_achievements,jd_jd_1e5c2f,0.783032,resumes_candidate_30de5a1038b7
resumes_candidate_30de5a1038b7_chunk5_projects_certifications_achievements,jd_specialist_software_engineering_001,0.337239,resumes_candidate_30de5a1038b7
resumes_candidate_43be7db47ef7_chunk1_professional_summary,jd_jd_1e5c2f,0.755806,resumes_candidate_43be7db47ef7
resumes_candidate_43be7db47ef7_chunk1_professional_summary,jd_specialist_software_engineering_001,0.554188,resumes_candidate_43be7db47ef7
resumes_candidate_43be7db47ef7_chunk2_skills,jd_jd_1e5c2f,0.616865,resumes_candidate_43be7db47ef7
resumes_candidate_43be7db47ef7_chunk2_skills,jd_specialist_software_engineering_001,0.377262,resumes_candidate_43be7db47ef7
resumes_candidate_43be7db47ef7_chunk3_experience_summary,jd_jd_1e5c2f,0.742359,resumes_candidate_43be7db47ef7
resumes_candidate_43be7db47ef7_chunk3_experience_summary,jd_specialist_software_engineering_001,0.547294,resumes_candidate_43be7db47ef7
resumes_candidate_43be7db47ef7_chunk4_education_summary,jd_jd_1e5c2f,0.691229,resumes_candidate_43be7db47ef7
resumes_candidate_43be7db47ef7_chunk4_education_summary,jd_specialist_software_engineering_001,0.486689,resumes_candidate_43be7db47ef7
resumes_candidate_43be7db47ef7_chunk5_projects_certifications_achievements,jd_jd_1e5c2f,0.793072,resumes_candidate_43be7db47ef7
resumes_candidate_43be7db47ef7_chunk5_projects_certifications_achievements,jd_specialist_software_engineering_001,0.383031,resumes_candidate_43be7db47ef7
resumes_candidate_492624959f95_chunk1_professional_summary,jd_jd_1e5c2f,0.750725,resumes_candidate_492624959f95
resumes_candidate_492624959f95_chunk1_professional_summary,jd_specialist_software_engineering_001,0.557674,resumes_candidate_492624959f95
resumes_candidate_492624959f95_chunk2_skills,jd_jd_1e5c2f,0.639489,resumes_candidate_492624959f95
resumes_candidate_492624959f95_chunk2_skills,jd_specialist_software_engineering_001,0.413373,resumes_candidate_492624959f95
resumes_candidate_492624959f95_chunk3_experience_summary,jd_jd_1e5c2f,0.734033,resumes_candidate_492624959f95
resumes_candidate_492624959f95_chunk3_experience_summary,jd_specialist_software_engineering_001,0.550824,resumes_candidate_492624959f95
resumes_candidate_492624959f95_chunk4_education_summary,jd_jd_1e5c2f,0.685378,resumes_candidate_492624959f95
resumes_candidate_492624959f95_chunk4_education_summary,jd_specialist_software_engineering_001,0.492709,resumes_candidate_492624959f95
resumes_candidate_492624959f95_chunk5_projects_certifications_achievements,jd_jd_1e5c2f,0.771047,resumes_candidate_492624959f95
resumes_candidate_492624959f95_chunk5_projects_certifications_achievements,jd_specialist_software_engineering_001,0.333508,resumes_candidate_492624959f95
resumes_candidate_5219336a0afe_chunk1_professional_summary,jd_jd_1e5c2f,0.792834,resumes_candidate_5219336a0afe
resumes_candidate_5219336a0afe_chunk1_professional_summary,jd_specialist_software_engineering_001,0.520112,resumes_candidate_5219336a0afe
resumes_candidate_5219336a0afe_chunk2_skills,jd_jd_1e5c2f,0.571044,resumes_candidate_5219336a0afe
resumes_candidate_5219336a0afe_chunk2_skills,jd_specialist_software_engineering_001,0.293099,resumes_candidate_5219336a0afe
resumes_candidate_5219336a0afe_chunk3_experience_summary,jd_jd_1e5c2f,0.794434,resumes_candidate_5219336a0afe
resumes_candidate_5219336a0afe_chunk3_experience_summary,jd_specialist_software_engineering_001,0.479665,resumes_candidate_5219336a0afe
resumes_candidate_5219336a0afe_chunk4_education_summary,jd_jd_1e5c2f,0.743352,resumes_candidate_5219336a0afe
resumes_candidate_5219336a0afe_chunk4_education_summary,jd_specialist_software_engineering_001,0.507820,resumes_candidate_5219336a0afe
resumes_candidate_5219336a0afe_chunk5_projects_certifications_achievements,jd_jd_1e5c2f,0.814048,resumes_candidate_5219336a0afe
resumes_candidate_5219336a0afe_chunk5_projects_certifications_achievements,jd_specialist_software_engineering_001,0.358680,resumes_candidate_5219336a0afe
resumes_candidate_564a91d781ad_chunk1_professional_summary,jd_jd_1e5c2f,0.778290,resumes_candidate_564a91d781ad
resumes_candidate_564a91d781ad_chunk1_professional_summary,jd_specialist_software_engineering_001,0.497589,resumes_candidate_564a91d781ad
resumes_candidate_564a91d781ad_chunk2_skills,jd_jd_1e5c2f,0.585318,resumes_candidate_564a91d781ad
resumes_candidate_564a91d781ad_chunk2_skills,jd_specialist_software_engineering_001,0.347951,resumes_candidate_564a91d781ad
resumes_candidate_564a91d781ad_chunk3_experience_summary,jd_jd_1e5c2f,0.807722,resumes_candidate_564a91d781ad
resumes_candidate_564a91d781ad_chunk3_experience_summary,jd_specialist_software_engineering_001,0.497664,resumes_candidate_564a91d781ad
resumes_candidate_564a91d781ad_chunk4_education_summary,jd_jd_1e5c2f,0.689271,resumes_candidate_564a91d781ad
resumes_candidate_564a91d781ad_chunk4_education_summary,jd_specialist_software_engineering_001,0.419690,resumes_candidate_564a91d781ad
resumes_candidate_564a91d781ad_chunk5_projects_certifications_achievements,jd_jd_1e5c2f,0.784585,resumes_candidate_564a91d781ad
resumes_candidate_564a91d781ad_chunk5_projects_certifications_achievements,jd_specialist_software_engineering_001,0.332558,resumes_candidate_564a91d781ad
resumes_candidate_5cad8fa77e9a_chunk1_professional_summary,jd_jd_1e5c2f,0.760326,resumes_candidate_5cad8fa77e9a
resumes_candidate_5cad8fa77e9a_chunk1_professional_summary,jd_specialist_software_engineering_001,0.479383,resumes_candidate_5cad8fa77e9a
resumes_candidate_5cad8fa77e9a_chunk2_skills,jd_jd_1e5c2f,0.528597,resumes_candidate_5cad8fa77e9a
resumes_candidate_5cad8fa77e9a_chunk2_skills,jd_specialist_software_engineering_001,0.290243,resumes_candidate_5cad8fa77e9a
resumes_candidate_5cad8fa77e9a_chunk3_experience_summary,jd_jd_1e5c2f,0.752376,resumes_candidate_5cad8fa77e9a
resumes_candidate_5cad8fa77e9a_chunk3_experience_summary,jd_specialist_software_engineering_001,0.480049,resumes_candidate_5cad8fa77e9a
resumes_candidate_5cad8fa77e9a_chunk4_education_summary,jd_jd_1e5c2f,0.674591,resumes_candidate_5cad8fa77e9a
resumes_candidate_5cad8fa77e9a_chunk4_education_summary,jd_specialist_software_engineering_001,0.440200,resumes_candidate_5cad8fa77e9a
resumes_candidate_5cad8fa77e9a_chunk5_projects_certifications_achievements,jd_jd_1e5c2f,0.815645,resumes_candidate_5cad8fa77e9a
resumes_candidate_5cad8fa77e9a_chunk5_projects_certifications_achievements,jd_specialist_software_engineering_001,0.347759,resumes_candidate_5cad8fa77e9a
resumes_candidate_5fc24b0ef8b7_chunk1_professional_summary,jd_jd_1e5c2f,0.791627,resumes_candidate_5fc24b0ef8b7
resumes_candidate_5fc24b0ef8b7_chunk1_professional_summary,jd_specialist_software_engineering_001,0.529029,resumes_candidate_5fc24b0ef8b7
resumes_candidate_5fc24b0ef8b7_chunk2_skills,jd_jd_1e5c2f,0.606933,resumes_candidate_5fc24b0ef8b7
resumes_candidate_5fc24b0ef8b7_chunk2_skills,jd_specialist_software_engineering_001,0.385780,resumes_candidate_5fc24b0ef8b7
resumes_candidate_5fc24b0ef8b7_chunk3_experience_summary,jd_jd_1e5c2f,0.794111,resumes_candidate_5fc24b0ef8b7
resumes_candidate_5fc24b0ef8b7_chunk3_experience_summary,jd_specialist_software_engineering_001,0.535157,resumes_candidate_5fc24b0ef8b7
resumes_candidate_5fc24b0ef8b7_chunk4_education_summary,jd_jd_1e5c2f,0.740270,resumes_candidate_5fc24b0ef8b7
resumes_candidate_5fc24b0ef8b7_chunk4_education_summary,jd_specialist_software_engineering_001,0.476222,resumes_candidate_5fc24b0ef8b7
resumes_candidate_5fc24b0ef8b7_chunk5_projects_certifications_achievements,jd_jd_1e5c2f,0.786018,resumes_candidate_5fc24b0ef8b7
resumes_candidate_5fc24b0ef8b7_chunk5_projects_certifications_achievements,jd_specialist_software_engineering_001,0.345670,resumes_candidate_5fc24b0ef8b7
resumes_candidate_6317dd03104a_chunk1_professional_summary,jd_jd_1e5c2f,0.775348,resumes_candidate_6317dd03104a
resumes_candidate_6317dd03104a_chunk1_professional_summary,jd_specialist_software_engineering_001,0.525437,resumes_candidate_6317dd03104a
resumes_candidate_6317dd03104a_chunk2_skills,jd_jd_1e5c2f,0.666048,resumes_candidate_6317dd03104a
resumes_candidate_6317dd03104a_chunk2_skills,jd_specialist_software_engineering_001,0.445506,resumes_candidate_6317dd03104a
resumes_candidate_6317dd03104a_chunk3_experience_summary,jd_jd_1e5c2f,0.771009,resumes_candidate_6317dd03104a
resumes_candidate_6317dd03104a_chunk3_experience_summary,jd_specialist_software_engineering_001,0.517044,resumes_candidate_6317dd03104a
resumes_candidate_6317dd03104a_chunk4_education_summary,jd_jd_1e5c2f,0.664455,resumes_candidate_6317dd03104a
resumes_candidate_6317dd03104a_chunk4_education_summary,jd_specialist_software_engineering_001,0.424204,resumes_candidate_6317dd03104a
resumes_candidate_6317dd03104a_chunk5_projects_certifications_achievements,jd_jd_1e5c2f,0.802204,resumes_candidate_6317dd03104a
resumes_candidate_6317dd03104a_chunk5_projects_certifications_achievements,jd_specialist_software_engineering_001,0.384743,resumes_candidate_6317dd03104a
resumes_candidate_68206e2751f6_chunk1_professional_summary,jd_jd_1e5c2f,0.794144,resumes_candidate_68206e2751f6
resumes_candidate_68206e2751f6_chunk1_professional_summary,jd_specialist_software_engineering_001,0.540380,resumes_candidate_68206e2751f6
resumes_candidate_68206e2751f6_chunk2_skills,jd_jd_1e5c2f,0.593730,resumes_candidate_68206e2751f6
resumes_candidate_68206e2751f6_chunk2_skills,jd_specialist_software_engineering_001,0.366632,resumes_candidate_68206e2751f6
resumes_candidate_68206e2751f6_chunk3_experience_summary,jd_jd_1e5c2f,0.806162,resumes_candidate_68206e2751f6
resumes_candidate_68206e2751f6_chunk3_experience_summary,jd_specialist_software_engineering_001,0.518272,resumes_candidate_68206e2751f6
resumes_candidate_68206e2751f6_chunk4_education_summary,jd_jd_1e5c2f,0.722849,resumes_candidate_68206e2751f6
resumes_candidate_68206e2751f6_chunk4_education_summary,jd_specialist_software_engineering_001,0.470873,resumes_candidate_68206e2751f6
resumes_candidate_68206e2751f6_chunk5_projects_certifications_achievements,jd_jd_1e5c2f,0.796775,resumes_candidate_68206e2751f6
resumes_candidate_68206e2751f6_chunk5_projects_certifications_achievements,jd_specialist_software_engineering_001,0.345814,resumes_candidate_68206e2751f6
resumes_candidate_707f253bc756_chunk1_professional_summary,jd_jd_1e5c2f,0.784458,resumes_candidate_707f253bc756
resumes_candidate_707f253bc756_chunk1_professional_summary,jd_specialist_software_engineering_001,0.514943,resumes_candidate_707f253bc756
resumes_candidate_707f253bc756_chunk2_skills,jd_jd_1e5c2f,0.719709,resumes_candidate_707f253bc756
resumes_candidate_707f253bc756_chunk2_skills,jd_specialist_software_engineering_001,0.511041,resumes_candidate_707f253bc756
resumes_candidate_707f253bc756_chunk3_experience_summary,jd_jd_1e5c2f,0.693320,resumes_candidate_707f253bc756
resumes_candidate_707f253bc756_chunk3_experience_summary,jd_specialist_software_engineering_001,0.447163,resumes_candidate_707f253bc756
resumes_candidate_707f253bc756_chunk4_education_summary,jd_jd_1e5c2f,0.719559,resumes_candidate_707f253bc756
resumes_candidate_707f253bc756_chunk4_education_summary,jd_specialist_software_engineering_001,0.457636,resumes_candidate_707f253bc756
resumes_candidate_707f253bc756_chunk5_projects_certifications_achievements,jd_jd_1e5c2f,0.751851,resumes_candidate_707f253bc756
resumes_candidate_707f253bc756_chunk5_projects_certifications_achievements,jd_specialist_software_engineering_001,0.306214,resumes_candidate_707f253bc756
resumes_candidate_745190be505c_chunk1_professional_summary,jd_jd_1e5c2f,0.775529,resumes_candidate_745190be505c
resumes_candidate_745190be505c_chunk1_professional_summary,jd_specialist_software_engineering_001,0.539357,resumes_candidate_745190be505c
resumes_candidate_745190be505c_chunk2_skills,jd_jd_1e5c2f,0.653727,resumes_candidate_745190be505c
resumes_candidate_745190be505c_chunk2_skills,jd_specialist_software_engineering_001,0.415486,resumes_candidate_745190be505c
resumes_candidate_745190be505c_chunk3_experience_summary,jd_jd_1e5c2f,0.764097,resumes_candidate_745190be505c
resumes_candidate_745190be505c_chunk3_experience_summary,jd_specialist_software_engineering_001,0.498369,resumes_candidate_745190be505c
resumes_candidate_745190be505c_chunk4_education_summary,jd_jd_1e5c2f,0.700246,resumes_candidate_745190be505c
resumes_candidate_745190be505c_chunk4_education_summary,jd_specialist_software_engineering_001,0.445297,resumes_candidate_745190be505c
resumes_candidate_745190be505c_chunk5_projects_certifications_achievements,jd_jd_1e5c2f,0.788016,resumes_candidate_745190be505c
resumes_candidate_745190be505c_chunk5_projects_certifications_achievements,jd_specialist_software_engineering_001,0.351371,resumes_candidate_745190be505c
resumes_candidate_764630b7c5e6_chunk1_professional_summary,jd_jd_1e5c2f,0.775797,resumes_candidate_764630b7c5e6
resumes_candidate_764630b7c5e6_chunk1_professional_summary,jd_specialist_software_engineering_001,0.498520,resumes_candidate_764630b7c5e6
resumes_candidate_764630b7c5e6_chunk2_skills,jd_jd_1e5c2f,0.562491,resumes_candidate_764630b7c5e6
resumes_candidate_764630b7c5e6_chunk2_skills,jd_specialist_software_engineering_001,0.340476,resumes_candidate_764630b7c5e6
resumes_candidate_764630b7c5e6_chunk3_experience_summary,jd_jd_1e5c2f,0.774740,resumes_candidate_764630b7c5e6
resumes_candidate_764630b7c5e6_chunk3_experience_summary,jd_specialist_software_engineering_001,0.513222,resumes_candidate_764630b7c5e6
resumes_candidate_764630b7c5e6_chunk4_education_summary,jd_jd_1e5c2f,0.705149,resumes_candidate_764630b7c5e6
resumes_candidate_764630b7c5e6_chunk4_education_summary,jd_specialist_software_engineering_001,0.465760,resumes_candidate_764630b7c5e6
resumes_candidate_764630b7c5e6_chunk5_projects_certifications_achievements,jd_jd_1e5c2f,0.782854,resumes_candidate_764630b7c5e6
resumes_candidate_764630b7c5e6_chunk5_projects_certifications_achievements,jd_specialist_software_engineering_001,0.341491,resumes_candidate_764630b7c5e6
resumes_candidate_7dc4dd55c6ea_chunk1_professional_summary,jd_jd_1e5c2f,0.785214,resumes_candidate_7dc4dd55c6ea
resumes_candidate_7dc4dd55c6ea_chunk1_professional_summary,jd_specialist_software_engineering_001,0.506923,resumes_candidate_7dc4dd55c6ea
resumes_candidate_7dc4dd55c6ea_chunk2_skills,jd_jd_1e5c2f,0.758618,resumes_candidate_7dc4dd55c6ea
resumes_candidate_7dc4dd55c6ea_chunk2_skills,jd_specialist_software_engineering_001,0.552854,resumes_candidate_7dc4dd55c6ea
resumes_candidate_7dc4dd55c6ea_chunk3_experience_summary,jd_jd_1e5c2f,0.821577,resumes_candidate_7dc4dd55c6ea
resumes_candidate_7dc4dd55c6ea_chunk3_experience_summary,jd_specialist_software_engineering_001,0.559728,resumes_candidate_7dc4dd55c6ea
resumes_candidate_7dc4dd55c6ea_chunk4_education_summary,jd_jd_1e5c2f,0.610377,resumes_candidate_7dc4dd55c6ea
resumes_candidate_7dc4dd55c6ea_chunk4_education_summary,jd_specialist_software_engineering_001,0.350856,resumes_candidate_7dc4dd55c6ea
resumes_candidate_7dc4dd55c6ea_chunk5_projects_certifications_achievements,jd_jd_1e5c2f,0.804087,resumes_candidate_7dc4dd55c6ea
resumes_candidate_7dc4dd55c6ea_chunk5_projects_certifications_achievements,jd_specialist_software_engineering_001,0.379012,resumes_candidate_7dc4dd55c6ea
resumes_candidate_8822ad8a0397_chunk1_professional_summary,jd_jd_1e5c2f,0.771995,resumes_candidate_8822ad8a0397
resumes_candidate_8822ad8a0397_chunk1_professional_summary,jd_specialist_software_engineering_001,0.515208,resumes_candidate_8822ad8a0397
resumes_candidate_8822ad8a0397_chunk2_skills,jd_jd_1e5c2f,0.603453,resumes_candidate_8822ad8a0397
resumes_candidate_8822ad8a0397_chunk2_skills,jd_specialist_software_engineering_001,0.333732,resumes_candidate_8822ad8a0397
resumes_candidate_8822ad8a0397_chunk3_experience_summary,jd_jd_1e5c2f,0.806802,resumes_candidate_8822ad8a0397
resumes_candidate_8822ad8a0397_chunk3_experience_summary,jd_specialist_software_engineering_001,0.485054,resumes_candidate_8822ad8a0397
resumes_candidate_8822ad8a0397_chunk4_education_summary,jd_jd_1e5c2f,0.719383,resumes_candidate_8822ad8a0397
resumes_candidate_8822ad8a0397_chunk4_education_summary,jd_specialist_software_engineering_001,0.456316,resumes_candidate_8822ad8a0397
resumes_candidate_8822ad8a0397_chunk5_projects_certifications_achievements,jd_jd_1e5c2f,0.788033,resumes_candidate_8822ad8a0397
resumes_candidate_8822ad8a0397_chunk5_projects_certifications_achievements,jd_specialist_software_engineering_001,0.326708,resumes_candidate_8822ad8a0397
resumes_candidate_8d477adf3381_chunk1_professional_summary,jd_jd_1e5c2f,0.762819,resumes_candidate_8d477adf3381
resumes_candidate_8d477adf3381_chunk1_professional_summary,jd_specialist_software_engineering_001,0.515271,resumes_candidate_8d477adf3381
resumes_candidate_8d477adf3381_chunk2_skills,jd_jd_1e5c2f,0.706632,resumes_candidate_8d477adf3381
resumes_candidate_8d477adf3381_chunk2_skills,jd_specialist_software_engineering_001,0.465376,resumes_candidate_8d477adf3381
resumes_candidate_8d477adf3381_chunk3_experience_summary,jd_jd_1e5c2f,0.744816,resumes_candidate_8d477adf3381
resumes_candidate_8d477adf3381_chunk3_experience_summary,jd_specialist_software_engineering_001,0.463879,resumes_candidate_8d477adf3381
resumes_candidate_8d477adf3381_chunk4_education_summary,jd_jd_1e5c2f,0.774350,resumes_candidate_8d477adf3381
resumes_candidate_8d477adf3381_chunk4_education_summary,jd_specialist_software_engineering_001,0.530583,resumes_candidate_8d477adf3381
resumes_candidate_8d477adf3381_chunk5_projects_certifications_achievements,jd_jd_1e5c2f,0.781061,resumes_candidate_8d477adf3381
resumes_candidate_8d477adf3381_chunk5_projects_certifications_achievements,jd_specialist_software_engineering_001,0.311811,resumes_candidate_8d477adf3381
resumes_candidate_8ddf535b02e6_chunk1_professional_summary,jd_jd_1e5c2f,0.758892,resumes_candidate_8ddf535b02e6
resumes_candidate_8ddf535b02e6_chunk1_professional_summary,jd_specialist_software_engineering_001,0.546516,resumes_candidate_8ddf535b02e6
resumes_candidate_8ddf535b02e6_chunk2_skills,jd_jd_1e5c2f,0.645082,resumes_candidate_8ddf535b02e6
resumes_candidate_8ddf535b02e6_chunk2_skills,jd_specialist_software_engineering_001,0.415482,resumes_candidate_8ddf535b02e6
resumes_candidate_8ddf535b02e6_chunk3_experience_summary,jd_jd_1e5c2f,0.742336,resumes_candidate_8ddf535b02e6
resumes_candidate_8ddf535b02e6_chunk3_experience_summary,jd_specialist_software_engineering_001,0.531319,resumes_candidate_8ddf535b02e6
resumes_candidate_8ddf535b02e6_chunk4_education_summary,jd_jd_1e5c2f,0.706454,resumes_candidate_8ddf535b02e6
resumes_candidate_8ddf535b02e6_chunk4_education_summary,jd_specialist_software_engineering_001,0.475857,resumes_candidate_8ddf535b02e6
resumes_candidate_8ddf535b02e6_chunk5_projects_certifications_achievements,jd_jd_1e5c2f,0.785330,resumes_candidate_8ddf535b02e6
resumes_candidate_8ddf535b02e6_chunk5_projects_certifications_achievements,jd_specialist_software_engineering_001,0.339968,resumes_candidate_8ddf535b02e6
resumes_candidate_91e4d4794d6b_chunk1_professional_summary,jd_jd_1e5c2f,0.792614,resumes_candidate_91e4d4794d6b
resumes_candidate_91e4d4794d6b_chunk1_professional_summary,jd_specialist_software_engineering_001,0.497798,resumes_candidate_91e4d4794d6b
resumes_candidate_91e4d4794d6b_chunk2_skills,jd_jd_1e5c2f,0.606482,resumes_candidate_91e4d4794d6b
resumes_candidate_91e4d4794d6b_chunk2_skills,jd_specialist_software_engineering_001,0.352006,resumes_candidate_91e4d4794d6b
resumes_candidate_91e4d4794d6b_chunk3_experience_summary,jd_jd_1e5c2f,0.788691,resumes_candidate_91e4d4794d6b
resumes_candidate_91e4d4794d6b_chunk3_experience_summary,jd_specialist_software_engineering_001,0.490455,resumes_candidate_91e4d4794d6b
resumes_candidate_91e4d4794d6b_chunk4_education_summary,jd_jd_1e5c2f,0.718146,resumes_candidate_91e4d4794d6b
resumes_candidate_91e4d4794d6b_chunk4_education_summary,jd_specialist_software_engineering_001,0.452868,resumes_candidate_91e4d4794d6b
resumes_candidate_91e4d4794d6b_chunk5_projects_certifications_achievements,jd_jd_1e5c2f,0.793496,resumes_candidate_91e4d4794d6b
resumes_candidate_91e4d4794d6b_chunk5_projects_certifications_achievements,jd_specialist_software_engineering_001,0.360814,resumes_candidate_91e4d4794d6b
resumes_candidate_9cf70a7732b1_chunk1_professional_summary,jd_jd_1e5c2f,0.766888,resumes_candidate_9cf70a7732b1
resumes_candidate_9cf70a7732b1_chunk1_professional_summary,jd_specialist_software_engineering_001,0.525470,resumes_candidate_9cf70a7732b1
resumes_candidate_9cf70a7732b1_chunk2_skills,jd_jd_1e5c2f,0.782981,resumes_candidate_9cf70a7732b1
resumes_candidate_9cf70a7732b1_chunk2_skills,jd_specialist_software_engineering_001,0.543836,resumes_candidate_9cf70a7732b1
resumes_candidate_9cf70a7732b1_chunk3_experience_summary,jd_jd_1e5c2f,0.806964,resumes_candidate_9cf70a7732b1
resumes_candidate_9cf70a7732b1_chunk3_experience_summary,jd_specialist_software_engineering_001,0.558085,resumes_candidate_9cf70a7732b1
resumes_candidate_9cf70a7732b1_chunk4_education_summary,jd_jd_1e5c2f,0.750625,resumes_candidate_9cf70a7732b1
resumes_candidate_9cf70a7732b1_chunk4_education_summary,jd_specialist_software_engineering_001,0.535158,resumes_candidate_9cf70a7732b1
resumes_candidate_9cf70a7732b1_chunk5_projects_certifications_achievements,jd_jd_1e5c2f,0.792716,resumes_candidate_9cf70a7732b1
resumes_candidate_9cf70a7732b1_chunk5_projects_certifications_achievements,jd_specialist_software_engineering_001,0.351752,resumes_candidate_9cf70a7732b1
resumes_candidate_a07fc3332633_chunk1_professional_summary,jd_jd_1e5c2f,0.797870,resumes_candidate_a07fc3332633
resumes_candidate_a07fc3332633_chunk1_professional_summary,jd_specialist_software_engineering_001,0.518921,resumes_candidate_a07fc3332633
resumes_candidate_a07fc3332633_chunk2_skills,jd_jd_1e5c2f,0.529609,resumes_candidate_a07fc3332633
resumes_candidate_a07fc3332633_chunk2_skills,jd_specialist_software_engineering_001,0.288314,resumes_candidate_a07fc3332633
resumes_candidate_a07fc3332633_chunk3_experience_summary,jd_jd_1e5c2f,0.797288,resumes_candidate_a07fc3332633
resumes_candidate_a07fc3332633_chunk3_experience_summary,jd_specialist_software_engineering_001,0.504457,resumes_candidate_a07fc3332633
resumes_candidate_a07fc3332633_chunk4_education_summary,jd_jd_1e5c2f,0.732795,resumes_candidate_a07fc3332633
resumes_candidate_a07fc3332633_chunk4_education_summary,jd_specialist_software_engineering_001,0.474550,resumes_candidate_a07fc3332633
resumes_candidate_a07fc3332633_chunk5_projects_certifications_achievements,jd_jd_1e5c2f,0.801565,resumes_candidate_a07fc3332633
resumes_candidate_a07fc3332633_chunk5_projects_certifications_achievements,jd_specialist_software_engineering_001,0.354205,resumes_candidate_a07fc3332633
resumes_candidate_a80a3956704e_chunk1_professional_summary,jd_jd_1e5c2f,0.762308,resumes_candidate_a80a3956704e
resumes_candidate_a80a3956704e_chunk1_professional_summary,jd_specialist_software_engineering_001,0.504403,resumes_candidate_a80a3956704e
resumes_candidate_a80a3956704e_chunk2_skills,jd_jd_1e5c2f,0.556343,resumes_candidate_a80a3956704e
resumes_candidate_a80a3956704e_chunk2_skills,jd_specialist_software_engineering_001,0.305587,resumes_candidate_a80a3956704e
resumes_candidate_a80a3956704e_chunk3_experience_summary,jd_jd_1e5c2f,0.797700,resumes_candidate_a80a3956704e
resumes_candidate_a80a3956704e_chunk3_experience_summary,jd_specialist_software_engineering_001,0.510670,resumes_candidate_a80a3956704e
resumes_candidate_a80a3956704e_chunk4_education_summary,jd_jd_1e5c2f,0.727272,resumes_candidate_a80a3956704e
resumes_candidate_a80a3956704e_chunk4_education_summary,jd_specialist_software_engineering_001,0.487368,resumes_candidate_a80a3956704e
resumes_candidate_a80a3956704e_chunk5_projects_certifications_achievements,jd_jd_1e5c2f,0.819469,resumes_candidate_a80a3956704e
resumes_candidate_a80a3956704e_chunk5_projects_certifications_achievements,jd_specialist_software_engineering_001,0.375839,resumes_candidate_a80a3956704e
resumes_candidate_aa8800a491ea_chunk1_professional_summary,jd_jd_1e5c2f,0.799231,resumes_candidate_aa8800a491ea
resumes_candidate_aa8800a491ea_chunk1_professional_summary,jd_specialist_software_engineering_001,0.520918,resumes_candidate_aa8800a491ea
resumes_candidate_aa8800a491ea_chunk2_skills,jd_jd_1e5c2f,0.529751,resumes_candidate_aa8800a491ea
resumes_candidate_aa8800a491ea_chunk2_skills,jd_specialist_software_engineering_001,0.287994,resumes_candidate_aa8800a491ea
resumes_candidate_aa8800a491ea_chunk3_experience_summary,jd_jd_1e5c2f,0.797718,resumes_candidate_aa8800a491ea
resumes_candidate_aa8800a491ea_chunk3_experience_summary,jd_specialist_software_engineering_001,0.503844,resumes_candidate_aa8800a491ea
resumes_candidate_aa8800a491ea_chunk4_education_summary,jd_jd_1e5c2f,0.733361,resumes_candidate_aa8800a491ea
resumes_candidate_aa8800a491ea_chunk4_education_summary,jd_specialist_software_engineering_001,0.473953,resumes_candidate_aa8800a491ea
resumes_candidate_aa8800a491ea_chunk5_projects_certifications_achievements,jd_jd_1e5c2f,0.800652,resumes_candidate_aa8800a491ea
resumes_candidate_aa8800a491ea_chunk5_projects_certifications_achievements,jd_specialist_software_engineering_001,0.352455,resumes_candidate_aa8800a491ea
resumes_candidate_bd87a0a36901_chunk1_professional_summary,jd_jd_1e5c2f,0.787479,resumes_candidate_bd87a0a36901
resumes_candidate_bd87a0a36901_chunk1_professional_summary,jd_specialist_software_engineering_001,0.525936,resumes_candidate_bd87a0a36901
resumes_candidate_bd87a0a36901_chunk2_skills,jd_jd_1e5c2f,0.564866,resumes_candidate_bd87a0a36901
resumes_candidate_bd87a0a36901_chunk2_skills,jd_specialist_software_engineering_001,0.297699,resumes_candidate_bd87a0a36901
resumes_candidate_bd87a0a36901_chunk3_experience_summary,jd_jd_1e5c2f,0.737636,resumes_candidate_bd87a0a36901
resumes_candidate_bd87a0a36901_chunk3_experience_summary,jd_specialist_software_engineering_001,0.462407,resumes_candidate_bd87a0a36901
resumes_candidate_bd87a0a36901_chunk4_education_summary,jd_jd_1e5c2f,0.731840,resumes_candidate_bd87a0a36901
resumes_candidate_bd87a0a36901_chunk4_education_summary,jd_specialist_software_engineering_001,0.446609,resumes_candidate_bd87a0a36901
resumes_candidate_bd87a0a36901_chunk5_projects_certifications_achievements,jd_jd_1e5c2f,0.792083,resumes_candidate_bd87a0a36901
resumes_candidate_bd87a0a36901_chunk5_projects_certifications_achievements,jd_specialist_software_engineering_001,0.354391,resumes_candidate_bd87a0a36901
resumes_candidate_cbc0343b908f_chunk1_professional_summary,jd_jd_1e5c2f,0.812530,resumes_candidate_cbc0343b908f
resumes_candidate_cbc0343b908f_chunk1_professional_summary,jd_specialist_software_engineering_001,0.523041,resumes_candidate_cbc0343b908f
resumes_candidate_cbc0343b908f_chunk2_skills,jd_jd_1e5c2f,0.632753,resumes_candidate_cbc0343b908f
resumes_candidate_cbc0343b908f_chunk2_skills,jd_specialist_software_engineering_001,0.374020,resumes_candidate_cbc0343b908f
resumes_candidate_cbc0343b908f_chunk3_experience_summary,jd_jd_1e5c2f,0.813719,resumes_candidate_cbc0343b908f
resumes_candidate_cbc0343b908f_chunk3_experience_summary,jd_specialist_software_engineering_001,0.520671,resumes_candidate_cbc0343b908f
resumes_candidate_cbc0343b908f_chunk4_education_summary,jd_jd_1e5c2f,0.748284,resumes_candidate_cbc0343b908f
resumes_candidate_cbc0343b908f_chunk4_education_summary,jd_specialist_software_engineering_001,0.483652,resumes_candidate_cbc0343b908f
resumes_candidate_cbc0343b908f_chunk5_projects_certifications_achievements,jd_jd_1e5c2f,0.806992,resumes_candidate_cbc0343b908f
resumes_candidate_cbc0343b908f_chunk5_projects_certifications_achievements,jd_specialist_software_engineering_001,0.361057,resumes_candidate_cbc0343b908f
resumes_candidate_e19e23fdc169_chunk1_professional_summary,jd_jd_1e5c2f,0.757175,resumes_candidate_e19e23fdc169
resumes_candidate_e19e23fdc169_chunk1_professional_summary,jd_specialist_software_engineering_001,0.521013,resumes_candidate_e19e23fdc169
resumes_candidate_e19e23fdc169_chunk2_skills,jd_jd_1e5c2f,0.569312,resumes_candidate_e19e23fdc169
resumes_candidate_e19e23fdc169_chunk2_skills,jd_specialist_software_engineering_001,0.305372,resumes_candidate_e19e23fdc169
resumes_candidate_e19e23fdc169_chunk3_experience_summary,jd_jd_1e5c2f,0.729608,resumes_candidate_e19e23fdc169
resumes_candidate_e19e23fdc169_chunk3_experience_summary,jd_specialist_software_engineering_001,0.483745,resumes_candidate_e19e23fdc169
resumes_candidate_e19e23fdc169_chunk4_education_summary,jd_jd_1e5c2f,0.712662,resumes_candidate_e19e23fdc169
resumes_candidate_e19e23fdc169_chunk4_education_summary,jd_specialist_software_engineering_001,0.458533,resumes_candidate_e19e23fdc169
resumes_candidate_e19e23fdc169_chunk5_projects_certifications_achievements,jd_jd_1e5c2f,0.790052,resumes_candidate_e19e23fdc169
resumes_candidate_e19e23fdc169_chunk5_projects_certifications_achievements,jd_specialist_software_engineering_001,0.382454,resumes_candidate_e19e23fdc169
resumes_candidate_eb8ba11e19b8_chunk1_professional_summary,jd_jd_1e5c2f,0.782096,resumes_candidate_eb8ba11e19b8
resumes_candidate_eb8ba11e19b8_chunk1_professional_summary,jd_specialist_software_engineering_001,0.534349,resumes_candidate_eb8ba11e19b8
resumes_candidate_eb8ba11e19b8_chunk2_skills,jd_jd_1e5c2f,0.649140,resumes_candidate_eb8ba11e19b8
resumes_candidate_eb8ba11e19b8_chunk2_skills,jd_specialist_software_engineering_001,0.416664,resumes_candidate_eb8ba11e19b8
resumes_candidate_eb8ba11e19b8_chunk3_experience_summary,jd_jd_1e5c2f,0.790946,resumes_candidate_eb8ba11e19b8
resumes_candidate_eb8ba11e19b8_chunk3_experience_summary,jd_specialist_software_engineering_001,0.513878,resumes_candidate_eb8ba11e19b8
resumes_candidate_eb8ba11e19b8_chunk4_education_summary,jd_jd_1e5c2f,0.693551,resumes_candidate_eb8ba11e19b8
resumes_candidate_eb8ba11e19b8_chunk4_education_summary,jd_specialist_software_engineering_001,0.427620,resumes_candidate_eb8ba11e19b8
resumes_candidate_eb8ba11e19b8_chunk5_projects_certifications_achievements,jd_jd_1e5c2f,0.781546,resumes_candidate_eb8ba11e19b8
resumes_candidate_eb8ba11e19b8_chunk5_projects_certifications_achievements,jd_specialist_software_engineering_001,0.340549,resumes_candidate_eb8ba11e19b8
resumes_candidate_ec97477d20cc_chunk1_professional_summary,jd_jd_1e5c2f,0.775075,resumes_candidate_ec97477d20cc
resumes_candidate_ec97477d20cc_chunk1_professional_summary,jd_specialist_software_engineering_001,0.494343,resumes_candidate_ec97477d20cc
resumes_candidate_ec97477d20cc_chunk2_skills,jd_jd_1e5c2f,0.502918,resumes_candidate_ec97477d20cc
resumes_candidate_ec97477d20cc_chunk2_skills,jd_specialist_software_engineering_001,0.286235,resumes_candidate_ec97477d20cc
resumes_candidate_ec97477d20cc_chunk3_experience_summary,jd_jd_1e5c2f,0.747619,resumes_candidate_ec97477d20cc
resumes_candidate_ec97477d20cc_chunk3_experience_summary,jd_specialist_software_engineering_001,0.513235,resumes_candidate_ec97477d20cc
resumes_candidate_ec97477d20cc_chunk4_education_summary,jd_jd_1e5c2f,0.664469,resumes_candidate_ec97477d20cc
resumes_candidate_ec97477d20cc_chunk4_education_summary,jd_specialist_software_engineering_001,0.448849,resumes_candidate_ec97477d20cc
resumes_candidate_ec97477d20cc_chunk5_projects_certifications_achievements,jd_jd_1e5c2f,0.776111,resumes_candidate_ec97477d20cc
resumes_candidate_ec97477d20cc_chunk5_projects_certifications_achievements,jd_specialist_software_engineering_001,0.333596,resumes_candidate_ec97477d20cc
resumes_candidate_f95a8cbc1b3b_chunk1_professional_summary,jd_jd_1e5c2f,0.742160,resumes_candidate_f95a8cbc1b3b
resumes_candidate_f95a8cbc1b3b_chunk1_professional_summary,jd_specialist_software_engineering_001,0.552648,resumes_candidate_f95a8cbc1b3b
resumes_candidate_f95a8cbc1b3b_chunk2_skills,jd_jd_1e5c2f,0.645882,resumes_candidate_f95a8cbc1b3b
resumes_candidate_f95a8cbc1b3b_chunk2_skills,jd_specialist_software_engineering_001,0.442594,resumes_candidate_f95a8cbc1b3b
resumes_candidate_f95a8cbc1b3b_chunk3_experience_summary,jd_jd_1e5c2f,0.718185,resumes_candidate_f95a8cbc1b3b
resumes_candidate_f95a8cbc1b3b_chunk3_experience_summary,jd_specialist_software_engineering_001,0.542792,resumes_candidate_f95a8cbc1b3b
resumes_candidate_f95a8cbc1b3b_chunk4_education_summary,jd_jd_1e5c2f,0.689078,resumes_candidate_f95a8cbc1b3b
resumes_candidate_f95a8cbc1b3b_chunk4_education_summary,jd_specialist_software_engineering_001,0.497529,resumes_candidate_f95a8cbc1b3b
resumes_candidate_f95a8cbc1b3b_chunk5_projects_certifications_achievements,jd_jd_1e5c2f,0.778032,resumes_candidate_f95a8cbc1b3b
resumes_candidate_f95a8cbc1b3b_chunk5_projects_certifications_achievements,jd_specialist_software_engineering_001,0.360036,resumes_candidate_f95a8cbc1b3b
resumes_sumeet_adhav_5a07e6_chunk1_professional_summary,jd_jd_1e5c2f,0.507839,resumes_sumeet_adhav_5a07e6
resumes_sumeet_adhav_5a07e6_chunk1_professional_summary,jd_specialist_software_engineering_001,0.507942,resumes_sumeet_adhav_5a07e6
resumes_sumeet_adhav_5a07e6_chunk1_summary,jd_jd_1e5c2f,0.507895,resumes_sumeet_adhav_5a07e6
resumes_sumeet_adhav_5a07e6_chunk1_summary,jd_specialist_software_engineering_001,0.508065,resumes_sumeet_adhav_5a07e6
resumes_sumeet_adhav_5a07e6_chunk2_skills,jd_jd_1e5c2f,0.555696,resumes_sumeet_adhav_5a07e6
resumes_sumeet_adhav_5a07e6_chunk2_skills,jd_specialist_software_engineering_001,0.579784,resumes_sumeet_adhav_5a07e6
resumes_sumeet_adhav_5a07e6_chunk3_experience,jd_jd_1e5c2f,0.519814,resumes_sumeet_adhav_5a07e6
resumes_sumeet_adhav_5a07e6_chunk3_experience,jd_specialist_software_engineering_001,0.533538,resumes_sumeet_adhav_5a07e6
resumes_sumeet_adhav_5a07e6_chunk3_experience_summary,jd_jd_1e5c2f,0.519959,resumes_sumeet_adhav_5a07e6
resumes_sumeet_adhav_5a07e6_chunk3_experience_summary,jd_specialist_software_engineering_001,0.533703,resumes_sumeet_adhav_5a07e6
resumes_sumeet_adhav_5a07e6_chunk4_education,jd_jd_1e5c2f,0.379743,resumes_sumeet_adhav_5a07e6
resumes_sumeet_adhav_5a07e6_chunk4_education,jd_specialist_software_engineering_001,0.357442,resumes_sumeet_adhav_5a07e6
resumes_sumeet_adhav_5a07e6_chunk4_education_summary,jd_jd_1e5c2f,0.380206,resumes_sumeet_adhav_5a07e6
resumes_sumeet_adhav_5a07e6_chunk4_education_summary,jd_specialist_software_engineering_001,0.358033,resumes_sumeet_adhav_5a07e6
resumes_sumeet_adhav_5a07e6_chunk5_projects_certifications_achievements,jd_jd_1e5c2f,0.486297,resumes_sumeet_adhav_5a07e6
resumes_sumeet_adhav_5a07e6_chunk5_projects_certifications_achievements,jd_specialist_software_engineering_001,0.472550,resumes_sumeet_adhav_5a07e6
resumes_sumeet_adhav_5a07e6_chunk5_projects_certs_awards,jd_jd_1e5c2f,0.486297,resumes_sumeet_adhav_5a07e6
resumes_sumeet_adhav_5a07e6_chunk5_projects_certs_awards,jd_specialist_software_engineering_001,0.472550,resumes_sumeet_adhav_5a07e6
sumeet_adhav_001_chunk1_summary,jd_jd_1e5c2f,0.507860,sumeet_adhav_001
sumeet_adhav_001_chunk1_summary,jd_specialist_software_engineering_001,0.507956,sumeet_adhav_001
sumeet_adhav_001_chunk2_skills,jd_jd_1e5c2f,0.554729,sumeet_adhav_001
sumeet_adhav_001_chunk2_skills,jd_specialist_software_engineering_001,0.580090,sumeet_adhav_001
sumeet_adhav_001_chunk3_experience,jd_jd_1e5c2f,0.519879,sumeet_adhav_001
sumeet_adhav_001_chunk3_experience,jd_specialist_software_engineering_001,0.533741,sumeet_adhav_001
sumeet_adhav_001_chunk4_education,jd_jd_1e5c2f,0.379746,sumeet_adhav_001
sumeet_adhav_001_chunk4_education,jd_specialist_software_engineering_001,0.357441,sumeet_adhav_001
sumeet_adhav_001_chunk5_projects_certs_awards,jd_jd_1e5c2f,0.486208,sumeet_adhav_001
sumeet_adhav_001_chunk5_projects_certs_awards,jd_specialist_software_engineering_001,0.472537,sumeet_adhav_001
